F04DE137-6E96-4438-AB28-8D0A73840367,6AA661F3-7E02-47F5-A5CC-5F968EC6B8CF,COACHES
F04DE137-6E96-4438-AB28-8D0A73840367,412F0794-09BE-47BC-92C6-CFB657C5D993,COACHES
F04DE137-6E96-4438-AB28-8D0A73840367,36BCFB96-44F5-41C9-B618-26B9B8B2A7B0,COACHES
F04DE137-6E96-4438-AB28-8D0A73840367,4D869AC9-2737-4A86-BCFC-3A6E04CCA188,COACHES
F04DE137-6E96-4438-AB28-8D0A73840367,001CDCCD-8921-4ED7-80A6-0FDE0168C14F,COACHES
F04DE137-6E96-4438-AB28-8D0A73840367,F9F17F06-4913-42CC-983E-682749B8FE2A,COACHES
4F23FCB9-98E5-4837-B25E-D308DFE5B9F2,26DB68B0-FA32-4561-8177-5F16439FF50B,COACHES
4F23FCB9-98E5-4837-B25E-D308DFE5B9F2,7A077329-13A2-4D2A-BC08-3B4E2005DBAD,COACHES
4F23FCB9-98E5-4837-B25E-D308DFE5B9F2,21A57A0C-50E0-4BEE-A710-BF9DADF1F85D,COACHES
4F23FCB9-98E5-4837-B25E-D308DFE5B9F2,14854AEF-C740-4057-BD24-24243DDAF12C,COACHES
4F23FCB9-98E5-4837-B25E-D308DFE5B9F2,23B61453-A685-4CEA-85D2-1BF49D5F1029,COACHES
4F23FCB9-98E5-4837-B25E-D308DFE5B9F2,8DBA73D2-19A3-4B28-BD7B-79F88519EF1E,COACHES
4F23FCB9-98E5-4837-B25E-D308DFE5B9F2,EE7A26CD-6233-482D-A239-16728D8DE630,COACHES