F04DE137-6E96-4438-AB28-8D0A73840367,C431E2CC-80D7-480F-A57D-851CE5EC25B5,WORKSAT
4F23FCB9-98E5-4837-B25E-D308DFE5B9F2,C431E2CC-80D7-480F-A57D-851CE5EC25B5,WORKSAT
55710DCE-3ADD-4B73-B149-0908209F0EF3,C431E2CC-80D7-480F-A57D-851CE5EC25B5,WORKSAT
6AA661F3-7E02-47F5-A5CC-5F968EC6B8CF,C431E2CC-80D7-480F-A57D-851CE5EC25B5,WORKSAT
412F0794-09BE-47BC-92C6-CFB657C5D993,9FF8314D-49A9-4806-9A77-AD9E1CF6D21B,WORKSAT
36BCFB96-44F5-41C9-B618-26B9B8B2A7B0,9FF8314D-49A9-4806-9A77-AD9E1CF6D21B,WORKSAT
001CDCCD-8921-4ED7-80A6-0FDE0168C14F,9FF8314D-49A9-4806-9A77-AD9E1CF6D21B,WORKSAT
14854AEF-C740-4057-BD24-24243DDAF12C,9FF8314D-49A9-4806-9A77-AD9E1CF6D21B,WORKSAT
DFC5E691-2B64-435E-B3B1-1C6F337166D7,9FF8314D-49A9-4806-9A77-AD9E1CF6D21B,WORKSAT
2CEBDCE7-7B19-49FA-A735-FCA404EF1A55,9FF8314D-49A9-4806-9A77-AD9E1CF6D21B,WORKSAT
4D869AC9-2737-4A86-BCFC-3A6E04CCA188,221C8C1D-FF0C-45A8-ADBE-F18DB6619528,WORKSAT
7A077329-13A2-4D2A-BC08-3B4E2005DBAD,E45659A4-283F-4328-BC80-A96312099235,WORKSAT
F9F17F06-4913-42CC-983E-682749B8FE2A,E45659A4-283F-4328-BC80-A96312099235,WORKSAT